<?xml version="1.0" encoding="utf-8"?>
<network-security-config>
<!-- Questo è l'elemento principale che definisce una configurazione di sicurezza per la rete. Viene utilizzato, ad esempio, in un'app Android per specificare come devono essere gestiti i certificati SSL/TLS, incluse le regole per la validazione delle connessioni sicure (HTTPS). -->

    <domain-config>
<!-- All'interno di `<network-security-config>`, puoi avere più configurazioni per domini specifici. In questo caso, la configurazione è applicata a un dominio specifico, come ad esempio `example.com`. -->

        <domain includeSubdomains="true">example.com</domain>
<!-- Questo specifica a quale dominio si applica la configurazione. In questo caso, la configurazione riguarda il dominio `example.com`. Il parametro `includeSubdomains="true"` significa che la configurazione è valida anche per tutti i sottodomini di `example.com`. Ad esempio, `sub.example.com` sarà incluso. -->

        <pin-set expiration="2025-12-31">
<!-- Il tag `<pin-set>` è utilizzato per specificare i pin pubblici (certificate pins) per il dominio. Un **certificate pinning** è una tecnica di sicurezza che consente di associare in modo sicuro un dominio a un certificato SSL/TLS specifico o a un set di certificati. In questo caso, l'`expiration` specifica una data di scadenza per questo set di pin (31 dicembre 2025). -->

            <pin digest="SHA-256">7HIpactkIAq2Y49orF00QKurWxmmSFZhBCoQYcRhJ3Y=</pin>
<!-- Il tag `<pin>` definisce un pin specifico. Il valore di `digest` specifica l'algoritmo di hashing usato per il pin (in questo caso, `SHA-256`). Il valore all'interno del tag (`7HIpactkIAq2Y49orF00QKurWxmmSFZhBCoQYcRhJ3Y=`) è l'hash del certificato SSL/TLS associato al dominio. Questo pin sarà utilizzato per verificare che il certificato presentato durante la connessione al dominio corrisponda a quello atteso. -->

            <pin digest="SHA-256">fwza0LRMXouZHRC8Ei+4PyuldPDcf3UKg0/04CDM1OE=</pin>
<!-- Questo è un pin di backup, che può essere utilizzato se il primo pin non corrisponde. La presenza di un pin di backup è una buona pratica nel caso in cui il certificato principale venga compromesso o cambi. -->

        </pin-set>
    </domain-config>
</network-security-config>
<!-- Questi sono i tag di chiusura per i vari elementi (`</pin-set>`, `</domain-config>`, `</network-security-config>`). -->